Original Data,Normalized Data
20,4.86667
75,10
34,6.17333
55,8.13333
63,8.88
